cache_size_kb,energy_joules
16,0.1458504196799
32,0.1459675148173
64,0.1465782593073
128,0.14805759259799997
256,0.15100531085399999
512,0.158445628536
1024,0.174877412628
2048,0.200665805856
