num_float_regs,energy_joules
50,0.1745229174102
60,0.1512197227555
70,0.1495994304588
80,0.1486329050976
90,0.1482977863145
100,0.1480976904864
128,0.148032961776
