iq_size,energy_joules
11,0.1628910113088
21,0.1490726538916
43,0.1467150124744
85,0.14805759259799997
341,0.154785705822
