num_vec_regs,energy_joules
50,0.14805759259799997
60,0.14805759259799997
70,0.14805759259799997
80,0.14805759259799997
90,0.14805759259799997
100,0.14805759259799997
128,0.14805759259799997
