pipeline_width,energy_joules
4,0.12338459165570001
5,0.12001845144921001
10,0.1256860369688
15,0.1391109437312
20,0.155116762242
